,HOOD_ID,AREA_NAME,Year,Total_Crimes
0,1,West Humber-Clairville,2014,1248.0
1,1,West Humber-Clairville,2015,1114.0
2,1,West Humber-Clairville,2016,1131.0
3,1,West Humber-Clairville,2017,1172.0
4,1,West Humber-Clairville,2018,1545.0
5,1,West Humber-Clairville,2019,1391.0
6,1,West Humber-Clairville,2020,1282.0
7,1,West Humber-Clairville,2021,1341.0
8,1,West Humber-Clairville,2022,1788.0
9,1,West Humber-Clairville,2023,1863.0
10,1,West Humber-Clairville,2024,1569.0
11,2,Mount Olive-Silverstone-Jamestown,2014,533.0
12,2,Mount Olive-Silverstone-Jamestown,2015,521.0
13,2,Mount Olive-Silverstone-Jamestown,2016,582.0
14,2,Mount Olive-Silverstone-Jamestown,2017,519.0
15,2,Mount Olive-Silverstone-Jamestown,2018,527.0
16,2,Mount Olive-Silverstone-Jamestown,2019,598.0
17,2,Mount Olive-Silverstone-Jamestown,2020,477.0
18,2,Mount Olive-Silverstone-Jamestown,2021,456.0
19,2,Mount Olive-Silverstone-Jamestown,2022,578.0
20,2,Mount Olive-Silverstone-Jamestown,2023,686.0
21,2,Mount Olive-Silverstone-Jamestown,2024,619.0
22,3,Thistletown-Beaumond Heights,2014,145.0
23,3,Thistletown-Beaumond Heights,2015,186.0
24,3,Thistletown-Beaumond Heights,2016,145.0
25,3,Thistletown-Beaumond Heights,2017,146.0
26,3,Thistletown-Beaumond Heights,2018,164.0
27,3,Thistletown-Beaumond Heights,2019,196.0
28,3,Thistletown-Beaumond Heights,2020,180.0
29,3,Thistletown-Beaumond Heights,2021,163.0
30,3,Thistletown-Beaumond Heights,2022,169.0
31,3,Thistletown-Beaumond Heights,2023,223.0
32,3,Thistletown-Beaumond Heights,2024,192.0
33,4,Rexdale-Kipling,2014,154.0
34,4,Rexdale-Kipling,2015,124.0
35,4,Rexdale-Kipling,2016,145.0
36,4,Rexdale-Kipling,2017,182.0
37,4,Rexdale-Kipling,2018,220.0
38,4,Rexdale-Kipling,2019,204.0
39,4,Rexdale-Kipling,2020,170.0
40,4,Rexdale-Kipling,2021,189.0
41,4,Rexdale-Kipling,2022,216.0
42,4,Rexdale-Kipling,2023,245.0
43,4,Rexdale-Kipling,2024,222.0
44,5,Elms-Old Rexdale,2014,109.0
45,5,Elms-Old Rexdale,2015,130.0
46,5,Elms-Old Rexdale,2016,146.0
47,5,Elms-Old Rexdale,2017,141.0
48,5,Elms-Old Rexdale,2018,134.0
49,5,Elms-Old Rexdale,2019,164.0
50,5,Elms-Old Rexdale,2020,150.0
51,5,Elms-Old Rexdale,2021,165.0
52,5,Elms-Old Rexdale,2022,188.0
53,5,Elms-Old Rexdale,2023,183.0
54,5,Elms-Old Rexdale,2024,225.0
55,6,Kingsview Village-The Westway,2014,325.0
56,6,Kingsview Village-The Westway,2015,309.0
57,6,Kingsview Village-The Westway,2016,312.0
58,6,Kingsview Village-The Westway,2017,268.0
59,6,Kingsview Village-The Westway,2018,279.0
60,6,Kingsview Village-The Westway,2019,230.0
61,6,Kingsview Village-The Westway,2020,262.0
62,6,Kingsview Village-The Westway,2021,322.0
63,6,Kingsview Village-The Westway,2022,359.0
64,6,Kingsview Village-The Westway,2023,442.0
65,6,Kingsview Village-The Westway,2024,354.0
66,7,Willowridge-Martingrove-Richview,2014,323.0
67,7,Willowridge-Martingrove-Richview,2015,235.0
68,7,Willowridge-Martingrove-Richview,2016,310.0
69,7,Willowridge-Martingrove-Richview,2017,259.0
70,7,Willowridge-Martingrove-Richview,2018,292.0
71,7,Willowridge-Martingrove-Richview,2019,266.0
72,7,Willowridge-Martingrove-Richview,2020,260.0
73,7,Willowridge-Martingrove-Richview,2021,212.0
74,7,Willowridge-Martingrove-Richview,2022,327.0
75,7,Willowridge-Martingrove-Richview,2023,347.0
76,7,Willowridge-Martingrove-Richview,2024,321.0
77,8,Humber Heights-Westmount,2014,158.0
78,8,Humber Heights-Westmount,2015,131.0
79,8,Humber Heights-Westmount,2016,123.0
80,8,Humber Heights-Westmount,2017,133.0
81,8,Humber Heights-Westmount,2018,134.0
82,8,Humber Heights-Westmount,2019,111.0
83,8,Humber Heights-Westmount,2020,95.0
84,8,Humber Heights-Westmount,2021,118.0
85,8,Humber Heights-Westmount,2022,105.0
86,8,Humber Heights-Westmount,2023,122.0
87,8,Humber Heights-Westmount,2024,148.0
88,9,Edenbridge-Humber Valley,2014,191.0
89,9,Edenbridge-Humber Valley,2015,190.0
90,9,Edenbridge-Humber Valley,2016,164.0
91,9,Edenbridge-Humber Valley,2017,144.0
92,9,Edenbridge-Humber Valley,2018,123.0
93,9,Edenbridge-Humber Valley,2019,159.0
94,9,Edenbridge-Humber Valley,2020,137.0
95,9,Edenbridge-Humber Valley,2021,116.0
96,9,Edenbridge-Humber Valley,2022,196.0
97,9,Edenbridge-Humber Valley,2023,276.0
98,9,Edenbridge-Humber Valley,2024,212.0
99,10,Princess-Rosethorn,2014,194.0
100,10,Princess-Rosethorn,2015,148.0
101,10,Princess-Rosethorn,2016,173.0
102,10,Princess-Rosethorn,2017,111.0
103,10,Princess-Rosethorn,2018,118.0
104,10,Princess-Rosethorn,2019,148.0
105,10,Princess-Rosethorn,2020,104.0
106,10,Princess-Rosethorn,2021,102.0
107,10,Princess-Rosethorn,2022,136.0
108,10,Princess-Rosethorn,2023,247.0
109,10,Princess-Rosethorn,2024,165.0
110,11,Eringate-Centennial-West Deane,2014,221.0
111,11,Eringate-Centennial-West Deane,2015,188.0
112,11,Eringate-Centennial-West Deane,2016,185.0
113,11,Eringate-Centennial-West Deane,2017,159.0
114,11,Eringate-Centennial-West Deane,2018,158.0
115,11,Eringate-Centennial-West Deane,2019,165.0
116,11,Eringate-Centennial-West Deane,2020,174.0
117,11,Eringate-Centennial-West Deane,2021,160.0
118,11,Eringate-Centennial-West Deane,2022,245.0
119,11,Eringate-Centennial-West Deane,2023,304.0
120,11,Eringate-Centennial-West Deane,2024,287.0
121,12,Markland Wood,2014,185.0
122,12,Markland Wood,2015,97.0
123,12,Markland Wood,2016,115.0
124,12,Markland Wood,2017,90.0
125,12,Markland Wood,2018,102.0
126,12,Markland Wood,2019,93.0
127,12,Markland Wood,2020,124.0
128,12,Markland Wood,2021,88.0
129,12,Markland Wood,2022,134.0
130,12,Markland Wood,2023,135.0
131,12,Markland Wood,2024,147.0
132,13,Etobicoke West Mall,2014,128.0
133,13,Etobicoke West Mall,2015,134.0
134,13,Etobicoke West Mall,2016,101.0
135,13,Etobicoke West Mall,2017,96.0
136,13,Etobicoke West Mall,2018,105.0
137,13,Etobicoke West Mall,2019,113.0
138,13,Etobicoke West Mall,2020,140.0
139,13,Etobicoke West Mall,2021,103.0
140,13,Etobicoke West Mall,2022,170.0
141,13,Etobicoke West Mall,2023,202.0
142,13,Etobicoke West Mall,2024,154.0
143,15,Kingsway South,2014,124.0
144,15,Kingsway South,2015,148.0
145,15,Kingsway South,2016,114.0
146,15,Kingsway South,2017,137.0
147,15,Kingsway South,2018,118.0
148,15,Kingsway South,2019,134.0
149,15,Kingsway South,2020,82.0
150,15,Kingsway South,2021,117.0
151,15,Kingsway South,2022,142.0
152,15,Kingsway South,2023,244.0
153,15,Kingsway South,2024,157.0
154,16,Stonegate-Queensway,2014,327.0
155,16,Stonegate-Queensway,2015,248.0
156,16,Stonegate-Queensway,2016,219.0
157,16,Stonegate-Queensway,2017,277.0
158,16,Stonegate-Queensway,2018,282.0
159,16,Stonegate-Queensway,2019,295.0
160,16,Stonegate-Queensway,2020,324.0
161,16,Stonegate-Queensway,2021,267.0
162,16,Stonegate-Queensway,2022,419.0
163,16,Stonegate-Queensway,2023,496.0
164,16,Stonegate-Queensway,2024,400.0
165,18,New Toronto,2014,168.0
166,18,New Toronto,2015,235.0
167,18,New Toronto,2016,214.0
168,18,New Toronto,2017,199.0
169,18,New Toronto,2018,233.0
170,18,New Toronto,2019,227.0
171,18,New Toronto,2020,227.0
172,18,New Toronto,2021,204.0
173,18,New Toronto,2022,322.0
174,18,New Toronto,2023,311.0
175,18,New Toronto,2024,280.0
176,19,Long Branch,2014,168.0
177,19,Long Branch,2015,195.0
178,19,Long Branch,2016,136.0
179,19,Long Branch,2017,182.0
180,19,Long Branch,2018,171.0
181,19,Long Branch,2019,185.0
182,19,Long Branch,2020,196.0
183,19,Long Branch,2021,209.0
184,19,Long Branch,2022,229.0
185,19,Long Branch,2023,203.0
186,19,Long Branch,2024,174.0
187,20,Alderwood,2014,130.0
188,20,Alderwood,2015,149.0
189,20,Alderwood,2016,150.0
190,20,Alderwood,2017,94.0
191,20,Alderwood,2018,121.0
192,20,Alderwood,2019,149.0
193,20,Alderwood,2020,180.0
194,20,Alderwood,2021,128.0
195,20,Alderwood,2022,216.0
196,20,Alderwood,2023,148.0
197,20,Alderwood,2024,170.0
198,21,Humber Summit,2014,335.0
199,21,Humber Summit,2015,302.0
200,21,Humber Summit,2016,367.0
201,21,Humber Summit,2017,391.0
202,21,Humber Summit,2018,433.0
203,21,Humber Summit,2019,468.0
204,21,Humber Summit,2020,385.0
205,21,Humber Summit,2021,428.0
206,21,Humber Summit,2022,522.0
207,21,Humber Summit,2023,553.0
208,21,Humber Summit,2024,408.0
209,22,Humbermede,2014,246.0
210,22,Humbermede,2015,267.0
211,22,Humbermede,2016,238.0
212,22,Humbermede,2017,302.0
213,22,Humbermede,2018,288.0
214,22,Humbermede,2019,356.0
215,22,Humbermede,2020,286.0
216,22,Humbermede,2021,285.0
217,22,Humbermede,2022,342.0
218,22,Humbermede,2023,414.0
219,22,Humbermede,2024,398.0
220,23,Pelmo Park-Humberlea,2014,173.0
221,23,Pelmo Park-Humberlea,2015,158.0
222,23,Pelmo Park-Humberlea,2016,168.0
223,23,Pelmo Park-Humberlea,2017,195.0
224,23,Pelmo Park-Humberlea,2018,244.0
225,23,Pelmo Park-Humberlea,2019,225.0
226,23,Pelmo Park-Humberlea,2020,204.0
227,23,Pelmo Park-Humberlea,2021,197.0
228,23,Pelmo Park-Humberlea,2022,273.0
229,23,Pelmo Park-Humberlea,2023,281.0
230,23,Pelmo Park-Humberlea,2024,259.0
231,24,Black Creek,2014,411.0
232,24,Black Creek,2015,394.0
233,24,Black Creek,2016,483.0
234,24,Black Creek,2017,438.0
235,24,Black Creek,2018,412.0
236,24,Black Creek,2019,467.0
237,24,Black Creek,2020,531.0
238,24,Black Creek,2021,416.0
239,24,Black Creek,2022,436.0
240,24,Black Creek,2023,450.0
241,24,Black Creek,2024,469.0
242,25,Glenfield-Jane Heights,2014,511.0
243,25,Glenfield-Jane Heights,2015,523.0
244,25,Glenfield-Jane Heights,2016,592.0
245,25,Glenfield-Jane Heights,2017,516.0
246,25,Glenfield-Jane Heights,2018,569.0
247,25,Glenfield-Jane Heights,2019,630.0
248,25,Glenfield-Jane Heights,2020,697.0
249,25,Glenfield-Jane Heights,2021,612.0
250,25,Glenfield-Jane Heights,2022,598.0
251,25,Glenfield-Jane Heights,2023,618.0
252,25,Glenfield-Jane Heights,2024,632.0
253,27,York University Heights,2014,742.0
254,27,York University Heights,2015,819.0
255,27,York University Heights,2016,851.0
256,27,York University Heights,2017,867.0
257,27,York University Heights,2018,915.0
258,27,York University Heights,2019,940.0
259,27,York University Heights,2020,1046.0
260,27,York University Heights,2021,930.0
261,27,York University Heights,2022,1085.0
262,27,York University Heights,2023,1232.0
263,27,York University Heights,2024,1099.0
264,28,Rustic,2014,130.0
265,28,Rustic,2015,152.0
266,28,Rustic,2016,146.0
267,28,Rustic,2017,120.0
268,28,Rustic,2018,163.0
269,28,Rustic,2019,167.0
270,28,Rustic,2020,161.0
271,28,Rustic,2021,128.0
272,28,Rustic,2022,165.0
273,28,Rustic,2023,165.0
274,28,Rustic,2024,203.0
275,29,Maple Leaf,2014,65.0
276,29,Maple Leaf,2015,90.0
277,29,Maple Leaf,2016,98.0
278,29,Maple Leaf,2017,51.0
279,29,Maple Leaf,2018,99.0
280,29,Maple Leaf,2019,94.0
281,29,Maple Leaf,2020,96.0
282,29,Maple Leaf,2021,82.0
283,29,Maple Leaf,2022,152.0
284,29,Maple Leaf,2023,139.0
285,29,Maple Leaf,2024,127.0
286,30,Brookhaven-Amesbury,2014,214.0
287,30,Brookhaven-Amesbury,2015,265.0
288,30,Brookhaven-Amesbury,2016,233.0
289,30,Brookhaven-Amesbury,2017,244.0
290,30,Brookhaven-Amesbury,2018,263.0
291,30,Brookhaven-Amesbury,2019,279.0
292,30,Brookhaven-Amesbury,2020,265.0
293,30,Brookhaven-Amesbury,2021,278.0
294,30,Brookhaven-Amesbury,2022,312.0
295,30,Brookhaven-Amesbury,2023,377.0
296,30,Brookhaven-Amesbury,2024,330.0
297,31,Yorkdale-Glen Park,2014,392.0
298,31,Yorkdale-Glen Park,2015,378.0
299,31,Yorkdale-Glen Park,2016,408.0
300,31,Yorkdale-Glen Park,2017,424.0
301,31,Yorkdale-Glen Park,2018,494.0
302,31,Yorkdale-Glen Park,2019,551.0
303,31,Yorkdale-Glen Park,2020,556.0
304,31,Yorkdale-Glen Park,2021,510.0
305,31,Yorkdale-Glen Park,2022,662.0
306,31,Yorkdale-Glen Park,2023,807.0
307,31,Yorkdale-Glen Park,2024,634.0
308,32,Englemount-Lawrence,2014,224.0
309,32,Englemount-Lawrence,2015,246.0
310,32,Englemount-Lawrence,2016,324.0
311,32,Englemount-Lawrence,2017,282.0
312,32,Englemount-Lawrence,2018,282.0
313,32,Englemount-Lawrence,2019,275.0
314,32,Englemount-Lawrence,2020,311.0
315,32,Englemount-Lawrence,2021,244.0
316,32,Englemount-Lawrence,2022,231.0
317,32,Englemount-Lawrence,2023,336.0
318,32,Englemount-Lawrence,2024,254.0
319,33,Clanton Park,2014,257.0
320,33,Clanton Park,2015,205.0
321,33,Clanton Park,2016,198.0
322,33,Clanton Park,2017,232.0
323,33,Clanton Park,2018,270.0
324,33,Clanton Park,2019,269.0
325,33,Clanton Park,2020,264.0
326,33,Clanton Park,2021,327.0
327,33,Clanton Park,2022,424.0
328,33,Clanton Park,2023,468.0
329,33,Clanton Park,2024,384.0
330,34,Bathurst Manor,2014,171.0
331,34,Bathurst Manor,2015,142.0
332,34,Bathurst Manor,2016,183.0
333,34,Bathurst Manor,2017,175.0
334,34,Bathurst Manor,2018,201.0
335,34,Bathurst Manor,2019,164.0
336,34,Bathurst Manor,2020,219.0
337,34,Bathurst Manor,2021,167.0
338,34,Bathurst Manor,2022,287.0
339,34,Bathurst Manor,2023,286.0
340,34,Bathurst Manor,2024,280.0
341,35,Westminster-Branson,2014,273.0
342,35,Westminster-Branson,2015,254.0
343,35,Westminster-Branson,2016,231.0
344,35,Westminster-Branson,2017,230.0
345,35,Westminster-Branson,2018,260.0
346,35,Westminster-Branson,2019,250.0
347,35,Westminster-Branson,2020,264.0
348,35,Westminster-Branson,2021,268.0
349,35,Westminster-Branson,2022,369.0
350,35,Westminster-Branson,2023,318.0
351,35,Westminster-Branson,2024,293.0
352,36,Newtonbrook West,2014,359.0
353,36,Newtonbrook West,2015,283.0
354,36,Newtonbrook West,2016,343.0
355,36,Newtonbrook West,2017,368.0
356,36,Newtonbrook West,2018,390.0
357,36,Newtonbrook West,2019,403.0
358,36,Newtonbrook West,2020,425.0
359,36,Newtonbrook West,2021,457.0
360,36,Newtonbrook West,2022,602.0
361,36,Newtonbrook West,2023,687.0
362,36,Newtonbrook West,2024,534.0
363,37,Willowdale West,2014,143.0
364,37,Willowdale West,2015,165.0
365,37,Willowdale West,2016,233.0
366,37,Willowdale West,2017,207.0
367,37,Willowdale West,2018,214.0
368,37,Willowdale West,2019,242.0
369,37,Willowdale West,2020,269.0
370,37,Willowdale West,2021,251.0
371,37,Willowdale West,2022,268.0
372,37,Willowdale West,2023,325.0
373,37,Willowdale West,2024,246.0
374,38,Lansing-Westgate,2014,134.0
375,38,Lansing-Westgate,2015,172.0
376,38,Lansing-Westgate,2016,193.0
377,38,Lansing-Westgate,2017,216.0
378,38,Lansing-Westgate,2018,226.0
379,38,Lansing-Westgate,2019,232.0
380,38,Lansing-Westgate,2020,299.0
381,38,Lansing-Westgate,2021,243.0
382,38,Lansing-Westgate,2022,250.0
383,38,Lansing-Westgate,2023,364.0
384,38,Lansing-Westgate,2024,264.0
385,39,Bedford Park-Nortown,2014,287.0
386,39,Bedford Park-Nortown,2015,231.0
387,39,Bedford Park-Nortown,2016,256.0
388,39,Bedford Park-Nortown,2017,348.0
389,39,Bedford Park-Nortown,2018,303.0
390,39,Bedford Park-Nortown,2019,385.0
391,39,Bedford Park-Nortown,2020,344.0
392,39,Bedford Park-Nortown,2021,248.0
393,39,Bedford Park-Nortown,2022,357.0
394,39,Bedford Park-Nortown,2023,504.0
395,39,Bedford Park-Nortown,2024,362.0
396,40,StAndrew-Windfields,2014,249.0
397,40,StAndrew-Windfields,2015,219.0
398,40,StAndrew-Windfields,2016,195.0
399,40,StAndrew-Windfields,2017,199.0
400,40,StAndrew-Windfields,2018,214.0
401,40,StAndrew-Windfields,2019,266.0
402,40,StAndrew-Windfields,2020,226.0
403,40,StAndrew-Windfields,2021,237.0
404,40,StAndrew-Windfields,2022,280.0
405,40,StAndrew-Windfields,2023,365.0
406,40,StAndrew-Windfields,2024,350.0
407,41,Bridle Path-Sunnybrook-York Mills,2014,94.0
408,41,Bridle Path-Sunnybrook-York Mills,2015,101.0
409,41,Bridle Path-Sunnybrook-York Mills,2016,103.0
410,41,Bridle Path-Sunnybrook-York Mills,2017,121.0
411,41,Bridle Path-Sunnybrook-York Mills,2018,121.0
412,41,Bridle Path-Sunnybrook-York Mills,2019,158.0
413,41,Bridle Path-Sunnybrook-York Mills,2020,156.0
414,41,Bridle Path-Sunnybrook-York Mills,2021,120.0
415,41,Bridle Path-Sunnybrook-York Mills,2022,169.0
416,41,Bridle Path-Sunnybrook-York Mills,2023,269.0
417,41,Bridle Path-Sunnybrook-York Mills,2024,191.0
418,42,Banbury-Don Mills,2014,237.0
419,42,Banbury-Don Mills,2015,276.0
420,42,Banbury-Don Mills,2016,232.0
421,42,Banbury-Don Mills,2017,272.0
422,42,Banbury-Don Mills,2018,278.0
423,42,Banbury-Don Mills,2019,286.0
424,42,Banbury-Don Mills,2020,241.0
425,42,Banbury-Don Mills,2021,210.0
426,42,Banbury-Don Mills,2022,305.0
427,42,Banbury-Don Mills,2023,505.0
428,42,Banbury-Don Mills,2024,429.0
429,43,Victoria Village,2014,217.0
430,43,Victoria Village,2015,246.0
431,43,Victoria Village,2016,223.0
432,43,Victoria Village,2017,183.0
433,43,Victoria Village,2018,217.0
434,43,Victoria Village,2019,258.0
435,43,Victoria Village,2020,229.0
436,43,Victoria Village,2021,240.0
437,43,Victoria Village,2022,269.0
438,43,Victoria Village,2023,313.0
439,43,Victoria Village,2024,282.0
440,44,Flemingdon Park,2014,357.0
441,44,Flemingdon Park,2015,230.0
442,44,Flemingdon Park,2016,260.0
443,44,Flemingdon Park,2017,199.0
444,44,Flemingdon Park,2018,220.0
445,44,Flemingdon Park,2019,227.0
446,44,Flemingdon Park,2020,215.0
447,44,Flemingdon Park,2021,229.0
448,44,Flemingdon Park,2022,230.0
449,44,Flemingdon Park,2023,305.0
450,44,Flemingdon Park,2024,319.0
451,46,Pleasant View,2014,105.0
452,46,Pleasant View,2015,134.0
453,46,Pleasant View,2016,123.0
454,46,Pleasant View,2017,111.0
455,46,Pleasant View,2018,132.0
456,46,Pleasant View,2019,150.0
457,46,Pleasant View,2020,159.0
458,46,Pleasant View,2021,153.0
459,46,Pleasant View,2022,145.0
460,46,Pleasant View,2023,181.0
461,46,Pleasant View,2024,147.0
462,47,Don Valley Village,2014,415.0
463,47,Don Valley Village,2015,365.0
464,47,Don Valley Village,2016,332.0
465,47,Don Valley Village,2017,255.0
466,47,Don Valley Village,2018,317.0
467,47,Don Valley Village,2019,323.0
468,47,Don Valley Village,2020,255.0
469,47,Don Valley Village,2021,300.0
470,47,Don Valley Village,2022,343.0
471,47,Don Valley Village,2023,533.0
472,47,Don Valley Village,2024,481.0
473,48,Hillcrest Village,2014,174.0
474,48,Hillcrest Village,2015,184.0
475,48,Hillcrest Village,2016,142.0
476,48,Hillcrest Village,2017,167.0
477,48,Hillcrest Village,2018,211.0
478,48,Hillcrest Village,2019,222.0
479,48,Hillcrest Village,2020,147.0
480,48,Hillcrest Village,2021,180.0
481,48,Hillcrest Village,2022,177.0
482,48,Hillcrest Village,2023,247.0
483,48,Hillcrest Village,2024,215.0
484,49,Bayview Woods-Steeles,2014,108.0
485,49,Bayview Woods-Steeles,2015,101.0
486,49,Bayview Woods-Steeles,2016,106.0
487,49,Bayview Woods-Steeles,2017,109.0
488,49,Bayview Woods-Steeles,2018,119.0
489,49,Bayview Woods-Steeles,2019,120.0
490,49,Bayview Woods-Steeles,2020,123.0
491,49,Bayview Woods-Steeles,2021,94.0
492,49,Bayview Woods-Steeles,2022,88.0
493,49,Bayview Woods-Steeles,2023,165.0
494,49,Bayview Woods-Steeles,2024,145.0
495,50,Newtonbrook East,2014,172.0
496,50,Newtonbrook East,2015,200.0
497,50,Newtonbrook East,2016,209.0
498,50,Newtonbrook East,2017,235.0
499,50,Newtonbrook East,2018,223.0
500,50,Newtonbrook East,2019,264.0
501,50,Newtonbrook East,2020,224.0
502,50,Newtonbrook East,2021,237.0
503,50,Newtonbrook East,2022,271.0
504,50,Newtonbrook East,2023,288.0
505,50,Newtonbrook East,2024,286.0
506,52,Bayview Village,2014,259.0
507,52,Bayview Village,2015,203.0
508,52,Bayview Village,2016,208.0
509,52,Bayview Village,2017,176.0
510,52,Bayview Village,2018,179.0
511,52,Bayview Village,2019,233.0
512,52,Bayview Village,2020,267.0
513,52,Bayview Village,2021,214.0
514,52,Bayview Village,2022,306.0
515,52,Bayview Village,2023,464.0
516,52,Bayview Village,2024,348.0
517,53,Henry Farm,2014,144.0
518,53,Henry Farm,2015,144.0
519,53,Henry Farm,2016,127.0
520,53,Henry Farm,2017,159.0
521,53,Henry Farm,2018,149.0
522,53,Henry Farm,2019,251.0
523,53,Henry Farm,2020,203.0
524,53,Henry Farm,2021,283.0
525,53,Henry Farm,2022,270.0
526,53,Henry Farm,2023,319.0
527,53,Henry Farm,2024,215.0
528,54,OConnor-Parkview,2014,373.0
529,54,OConnor-Parkview,2015,327.0
530,54,OConnor-Parkview,2016,293.0
531,54,OConnor-Parkview,2017,244.0
532,54,OConnor-Parkview,2018,283.0
533,54,OConnor-Parkview,2019,307.0
534,54,OConnor-Parkview,2020,273.0
535,54,OConnor-Parkview,2021,285.0
536,54,OConnor-Parkview,2022,319.0
537,54,OConnor-Parkview,2023,294.0
538,54,OConnor-Parkview,2024,282.0
539,55,Thorncliffe Park,2014,196.0
540,55,Thorncliffe Park,2015,181.0
541,55,Thorncliffe Park,2016,189.0
542,55,Thorncliffe Park,2017,186.0
543,55,Thorncliffe Park,2018,172.0
544,55,Thorncliffe Park,2019,225.0
545,55,Thorncliffe Park,2020,218.0
546,55,Thorncliffe Park,2021,238.0
547,55,Thorncliffe Park,2022,306.0
548,55,Thorncliffe Park,2023,300.0
549,55,Thorncliffe Park,2024,325.0
550,56,Leaside-Bennington,2014,201.0
551,56,Leaside-Bennington,2015,152.0
552,56,Leaside-Bennington,2016,147.0
553,56,Leaside-Bennington,2017,150.0
554,56,Leaside-Bennington,2018,175.0
555,56,Leaside-Bennington,2019,188.0
556,56,Leaside-Bennington,2020,219.0
557,56,Leaside-Bennington,2021,250.0
558,56,Leaside-Bennington,2022,236.0
559,56,Leaside-Bennington,2023,280.0
560,56,Leaside-Bennington,2024,170.0
561,57,Broadview North,2014,93.0
562,57,Broadview North,2015,122.0
563,57,Broadview North,2016,123.0
564,57,Broadview North,2017,117.0
565,57,Broadview North,2018,97.0
566,57,Broadview North,2019,142.0
567,57,Broadview North,2020,170.0
568,57,Broadview North,2021,129.0
569,57,Broadview North,2022,157.0
570,57,Broadview North,2023,165.0
571,57,Broadview North,2024,168.0
572,58,Old East York,2014,138.0
573,58,Old East York,2015,112.0
574,58,Old East York,2016,112.0
575,58,Old East York,2017,97.0
576,58,Old East York,2018,131.0
577,58,Old East York,2019,116.0
578,58,Old East York,2020,99.0
579,58,Old East York,2021,101.0
580,58,Old East York,2022,156.0
581,58,Old East York,2023,144.0
582,58,Old East York,2024,150.0
583,59,Danforth East York,2014,175.0
584,59,Danforth East York,2015,169.0
585,59,Danforth East York,2016,167.0
586,59,Danforth East York,2017,149.0
587,59,Danforth East York,2018,173.0
588,59,Danforth East York,2019,230.0
589,59,Danforth East York,2020,201.0
590,59,Danforth East York,2021,187.0
591,59,Danforth East York,2022,216.0
592,59,Danforth East York,2023,220.0
593,59,Danforth East York,2024,194.0
594,60,Woodbine-Lumsden,2014,150.0
595,60,Woodbine-Lumsden,2015,114.0
596,60,Woodbine-Lumsden,2016,105.0
597,60,Woodbine-Lumsden,2017,72.0
598,60,Woodbine-Lumsden,2018,107.0
599,60,Woodbine-Lumsden,2019,104.0
600,60,Woodbine-Lumsden,2020,99.0
601,60,Woodbine-Lumsden,2021,90.0
602,60,Woodbine-Lumsden,2022,91.0
603,60,Woodbine-Lumsden,2023,83.0
604,60,Woodbine-Lumsden,2024,114.0
605,61,Taylor-Massey,2014,233.0
606,61,Taylor-Massey,2015,272.0
607,61,Taylor-Massey,2016,214.0
608,61,Taylor-Massey,2017,198.0
609,61,Taylor-Massey,2018,245.0
610,61,Taylor-Massey,2019,258.0
611,61,Taylor-Massey,2020,268.0
612,61,Taylor-Massey,2021,245.0
613,61,Taylor-Massey,2022,242.0
614,61,Taylor-Massey,2023,270.0
615,61,Taylor-Massey,2024,246.0
616,62,East End-Danforth,2014,440.0
617,62,East End-Danforth,2015,503.0
618,62,East End-Danforth,2016,456.0
619,62,East End-Danforth,2017,418.0
620,62,East End-Danforth,2018,479.0
621,62,East End-Danforth,2019,404.0
622,62,East End-Danforth,2020,428.0
623,62,East End-Danforth,2021,455.0
624,62,East End-Danforth,2022,495.0
625,62,East End-Danforth,2023,430.0
626,62,East End-Danforth,2024,422.0
627,63,The Beaches,2014,285.0
628,63,The Beaches,2015,302.0
629,63,The Beaches,2016,336.0
630,63,The Beaches,2017,310.0
631,63,The Beaches,2018,326.0
632,63,The Beaches,2019,277.0
633,63,The Beaches,2020,297.0
634,63,The Beaches,2021,255.0
635,63,The Beaches,2022,313.0
636,63,The Beaches,2023,321.0
637,63,The Beaches,2024,290.0
638,64,Woodbine Corridor,2014,182.0
639,64,Woodbine Corridor,2015,178.0
640,64,Woodbine Corridor,2016,218.0
641,64,Woodbine Corridor,2017,191.0
642,64,Woodbine Corridor,2018,254.0
643,64,Woodbine Corridor,2019,247.0
644,64,Woodbine Corridor,2020,212.0
645,64,Woodbine Corridor,2021,180.0
646,64,Woodbine Corridor,2022,203.0
647,64,Woodbine Corridor,2023,211.0
648,64,Woodbine Corridor,2024,184.0
649,65,Greenwood-Coxwell,2014,268.0
650,65,Greenwood-Coxwell,2015,300.0
651,65,Greenwood-Coxwell,2016,291.0
652,65,Greenwood-Coxwell,2017,215.0
653,65,Greenwood-Coxwell,2018,296.0
654,65,Greenwood-Coxwell,2019,360.0
655,65,Greenwood-Coxwell,2020,369.0
656,65,Greenwood-Coxwell,2021,308.0
657,65,Greenwood-Coxwell,2022,284.0
658,65,Greenwood-Coxwell,2023,244.0
659,65,Greenwood-Coxwell,2024,298.0
660,66,Danforth,2014,219.0
661,66,Danforth,2015,259.0
662,66,Danforth,2016,198.0
663,66,Danforth,2017,185.0
664,66,Danforth,2018,258.0
665,66,Danforth,2019,259.0
666,66,Danforth,2020,232.0
667,66,Danforth,2021,299.0
668,66,Danforth,2022,313.0
669,66,Danforth,2023,255.0
670,66,Danforth,2024,238.0
671,67,Playter Estates-Danforth,2014,171.0
672,67,Playter Estates-Danforth,2015,142.0
673,67,Playter Estates-Danforth,2016,147.0
674,67,Playter Estates-Danforth,2017,147.0
675,67,Playter Estates-Danforth,2018,136.0
676,67,Playter Estates-Danforth,2019,224.0
677,67,Playter Estates-Danforth,2020,210.0
678,67,Playter Estates-Danforth,2021,181.0
679,67,Playter Estates-Danforth,2022,236.0
680,67,Playter Estates-Danforth,2023,224.0
681,67,Playter Estates-Danforth,2024,232.0
682,68,North Riverdale,2014,199.0
683,68,North Riverdale,2015,224.0
684,68,North Riverdale,2016,220.0
685,68,North Riverdale,2017,190.0
686,68,North Riverdale,2018,202.0
687,68,North Riverdale,2019,255.0
688,68,North Riverdale,2020,171.0
689,68,North Riverdale,2021,158.0
690,68,North Riverdale,2022,201.0
691,68,North Riverdale,2023,187.0
692,68,North Riverdale,2024,164.0
693,69,Blake-Jones,2014,149.0
694,69,Blake-Jones,2015,141.0
695,69,Blake-Jones,2016,140.0
696,69,Blake-Jones,2017,135.0
697,69,Blake-Jones,2018,131.0
698,69,Blake-Jones,2019,149.0
699,69,Blake-Jones,2020,148.0
700,69,Blake-Jones,2021,127.0
701,69,Blake-Jones,2022,114.0
702,69,Blake-Jones,2023,162.0
703,69,Blake-Jones,2024,136.0
704,70,South Riverdale,2014,674.0
705,70,South Riverdale,2015,622.0
706,70,South Riverdale,2016,760.0
707,70,South Riverdale,2017,705.0
708,70,South Riverdale,2018,784.0
709,70,South Riverdale,2019,712.0
710,70,South Riverdale,2020,707.0
711,70,South Riverdale,2021,681.0
712,70,South Riverdale,2022,678.0
713,70,South Riverdale,2023,756.0
714,70,South Riverdale,2024,719.0
715,71,Cabbagetown-South StJames Town,2014,325.0
716,71,Cabbagetown-South StJames Town,2015,389.0
717,71,Cabbagetown-South StJames Town,2016,400.0
718,71,Cabbagetown-South StJames Town,2017,370.0
719,71,Cabbagetown-South StJames Town,2018,414.0
720,71,Cabbagetown-South StJames Town,2019,439.0
721,71,Cabbagetown-South StJames Town,2020,345.0
722,71,Cabbagetown-South StJames Town,2021,308.0
723,71,Cabbagetown-South StJames Town,2022,335.0
724,71,Cabbagetown-South StJames Town,2023,303.0
725,71,Cabbagetown-South StJames Town,2024,301.0
726,72,Regent Park,2014,270.0
727,72,Regent Park,2015,271.0
728,72,Regent Park,2016,275.0
729,72,Regent Park,2017,277.0
730,72,Regent Park,2018,344.0
731,72,Regent Park,2019,405.0
732,72,Regent Park,2020,289.0
733,72,Regent Park,2021,287.0
734,72,Regent Park,2022,225.0
735,72,Regent Park,2023,305.0
736,72,Regent Park,2024,282.0
737,73,Moss Park,2014,941.0
738,73,Moss Park,2015,929.0
739,73,Moss Park,2016,992.0
740,73,Moss Park,2017,1030.0
741,73,Moss Park,2018,1310.0
742,73,Moss Park,2019,1399.0
743,73,Moss Park,2020,1420.0
744,73,Moss Park,2021,1160.0
745,73,Moss Park,2022,1012.0
746,73,Moss Park,2023,1104.0
747,73,Moss Park,2024,1025.0
748,74,North StJames Town,2014,427.0
749,74,North StJames Town,2015,432.0
750,74,North StJames Town,2016,453.0
751,74,North StJames Town,2017,386.0
752,74,North StJames Town,2018,424.0
753,74,North StJames Town,2019,515.0
754,74,North StJames Town,2020,487.0
755,74,North StJames Town,2021,417.0
756,74,North StJames Town,2022,410.0
757,74,North StJames Town,2023,459.0
758,74,North StJames Town,2024,490.0
759,78,Kensington-Chinatown,2014,1230.0
760,78,Kensington-Chinatown,2015,1259.0
761,78,Kensington-Chinatown,2016,1262.0
762,78,Kensington-Chinatown,2017,1273.0
763,78,Kensington-Chinatown,2018,1269.0
764,78,Kensington-Chinatown,2019,1292.0
765,78,Kensington-Chinatown,2020,1019.0
766,78,Kensington-Chinatown,2021,794.0
767,78,Kensington-Chinatown,2022,819.0
768,78,Kensington-Chinatown,2023,996.0
769,78,Kensington-Chinatown,2024,1207.0
770,79,University,2014,477.0
771,79,University,2015,439.0
772,79,University,2016,444.0
773,79,University,2017,526.0
774,79,University,2018,454.0
775,79,University,2019,387.0
776,79,University,2020,289.0
777,79,University,2021,235.0
778,79,University,2022,334.0
779,79,University,2023,313.0
780,79,University,2024,343.0
781,80,Palmerston-Little Italy,2014,278.0
782,80,Palmerston-Little Italy,2015,323.0
783,80,Palmerston-Little Italy,2016,251.0
784,80,Palmerston-Little Italy,2017,281.0
785,80,Palmerston-Little Italy,2018,319.0
786,80,Palmerston-Little Italy,2019,287.0
787,80,Palmerston-Little Italy,2020,236.0
788,80,Palmerston-Little Italy,2021,174.0
789,80,Palmerston-Little Italy,2022,233.0
790,80,Palmerston-Little Italy,2023,222.0
791,80,Palmerston-Little Italy,2024,203.0
792,81,Trinity-Bellwoods,2014,380.0
793,81,Trinity-Bellwoods,2015,312.0
794,81,Trinity-Bellwoods,2016,357.0
795,81,Trinity-Bellwoods,2017,383.0
796,81,Trinity-Bellwoods,2018,353.0
797,81,Trinity-Bellwoods,2019,390.0
798,81,Trinity-Bellwoods,2020,350.0
799,81,Trinity-Bellwoods,2021,296.0
800,81,Trinity-Bellwoods,2022,350.0
801,81,Trinity-Bellwoods,2023,357.0
802,81,Trinity-Bellwoods,2024,410.0
803,83,Dufferin Grove,2014,226.0
804,83,Dufferin Grove,2015,222.0
805,83,Dufferin Grove,2016,219.0
806,83,Dufferin Grove,2017,199.0
807,83,Dufferin Grove,2018,262.0
808,83,Dufferin Grove,2019,242.0
809,83,Dufferin Grove,2020,254.0
810,83,Dufferin Grove,2021,187.0
811,83,Dufferin Grove,2022,206.0
812,83,Dufferin Grove,2023,331.0
813,83,Dufferin Grove,2024,359.0
814,84,Little Portugal,2014,208.0
815,84,Little Portugal,2015,209.0
816,84,Little Portugal,2016,245.0
817,84,Little Portugal,2017,286.0
818,84,Little Portugal,2018,266.0
819,84,Little Portugal,2019,276.0
820,84,Little Portugal,2020,291.0
821,84,Little Portugal,2021,237.0
822,84,Little Portugal,2022,231.0
823,84,Little Portugal,2023,269.0
824,84,Little Portugal,2024,330.0
825,85,South Parkdale,2014,365.0
826,85,South Parkdale,2015,386.0
827,85,South Parkdale,2016,435.0
828,85,South Parkdale,2017,459.0
829,85,South Parkdale,2018,436.0
830,85,South Parkdale,2019,536.0
831,85,South Parkdale,2020,465.0
832,85,South Parkdale,2021,448.0
833,85,South Parkdale,2022,456.0
834,85,South Parkdale,2023,534.0
835,85,South Parkdale,2024,478.0
836,86,Roncesvalles,2014,231.0
837,86,Roncesvalles,2015,267.0
838,86,Roncesvalles,2016,301.0
839,86,Roncesvalles,2017,383.0
840,86,Roncesvalles,2018,355.0
841,86,Roncesvalles,2019,381.0
842,86,Roncesvalles,2020,333.0
843,86,Roncesvalles,2021,283.0
844,86,Roncesvalles,2022,280.0
845,86,Roncesvalles,2023,301.0
846,86,Roncesvalles,2024,333.0
847,87,High Park-Swansea,2014,238.0
848,87,High Park-Swansea,2015,295.0
849,87,High Park-Swansea,2016,257.0
850,87,High Park-Swansea,2017,256.0
851,87,High Park-Swansea,2018,222.0
852,87,High Park-Swansea,2019,303.0
853,87,High Park-Swansea,2020,258.0
854,87,High Park-Swansea,2021,207.0
855,87,High Park-Swansea,2022,292.0
856,87,High Park-Swansea,2023,293.0
857,87,High Park-Swansea,2024,300.0
858,88,High Park North,2014,212.0
859,88,High Park North,2015,288.0
860,88,High Park North,2016,238.0
861,88,High Park North,2017,324.0
862,88,High Park North,2018,307.0
863,88,High Park North,2019,314.0
864,88,High Park North,2020,267.0
865,88,High Park North,2021,235.0
866,88,High Park North,2022,321.0
867,88,High Park North,2023,368.0
868,88,High Park North,2024,374.0
869,89,Runnymede-Bloor West Village,2014,136.0
870,89,Runnymede-Bloor West Village,2015,152.0
871,89,Runnymede-Bloor West Village,2016,120.0
872,89,Runnymede-Bloor West Village,2017,137.0
873,89,Runnymede-Bloor West Village,2018,131.0
874,89,Runnymede-Bloor West Village,2019,169.0
875,89,Runnymede-Bloor West Village,2020,111.0
876,89,Runnymede-Bloor West Village,2021,105.0
877,89,Runnymede-Bloor West Village,2022,134.0
878,89,Runnymede-Bloor West Village,2023,193.0
879,89,Runnymede-Bloor West Village,2024,138.0
880,90,Junction Area,2014,243.0
881,90,Junction Area,2015,238.0
882,90,Junction Area,2016,239.0
883,90,Junction Area,2017,256.0
884,90,Junction Area,2018,358.0
885,90,Junction Area,2019,269.0
886,90,Junction Area,2020,281.0
887,90,Junction Area,2021,253.0
888,90,Junction Area,2022,304.0
889,90,Junction Area,2023,332.0
890,90,Junction Area,2024,403.0
891,91,Weston-Pelham Park,2014,196.0
892,91,Weston-Pelham Park,2015,194.0
893,91,Weston-Pelham Park,2016,168.0
894,91,Weston-Pelham Park,2017,123.0
895,91,Weston-Pelham Park,2018,183.0
896,91,Weston-Pelham Park,2019,197.0
897,91,Weston-Pelham Park,2020,204.0
898,91,Weston-Pelham Park,2021,161.0
899,91,Weston-Pelham Park,2022,181.0
900,91,Weston-Pelham Park,2023,217.0
901,91,Weston-Pelham Park,2024,238.0
902,92,Corso Italia-Davenport,2014,181.0
903,92,Corso Italia-Davenport,2015,188.0
904,92,Corso Italia-Davenport,2016,163.0
905,92,Corso Italia-Davenport,2017,210.0
906,92,Corso Italia-Davenport,2018,203.0
907,92,Corso Italia-Davenport,2019,243.0
908,92,Corso Italia-Davenport,2020,226.0
909,92,Corso Italia-Davenport,2021,214.0
910,92,Corso Italia-Davenport,2022,219.0
911,92,Corso Italia-Davenport,2023,319.0
912,92,Corso Italia-Davenport,2024,257.0
913,94,Wychwood,2014,133.0
914,94,Wychwood,2015,187.0
915,94,Wychwood,2016,204.0
916,94,Wychwood,2017,172.0
917,94,Wychwood,2018,205.0
918,94,Wychwood,2019,200.0
919,94,Wychwood,2020,232.0
920,94,Wychwood,2021,136.0
921,94,Wychwood,2022,198.0
922,94,Wychwood,2023,225.0
923,94,Wychwood,2024,214.0
924,95,Annex,2014,710.0
925,95,Annex,2015,744.0
926,95,Annex,2016,801.0
927,95,Annex,2017,860.0
928,95,Annex,2018,927.0
929,95,Annex,2019,957.0
930,95,Annex,2020,902.0
931,95,Annex,2021,812.0
932,95,Annex,2022,874.0
933,95,Annex,2023,935.0
934,95,Annex,2024,1011.0
935,96,Casa Loma,2014,115.0
936,96,Casa Loma,2015,116.0
937,96,Casa Loma,2016,114.0
938,96,Casa Loma,2017,112.0
939,96,Casa Loma,2018,133.0
940,96,Casa Loma,2019,154.0
941,96,Casa Loma,2020,184.0
942,96,Casa Loma,2021,134.0
943,96,Casa Loma,2022,148.0
944,96,Casa Loma,2023,186.0
945,96,Casa Loma,2024,168.0
946,97,Yonge-StClair,2014,76.0
947,97,Yonge-StClair,2015,83.0
948,97,Yonge-StClair,2016,86.0
949,97,Yonge-StClair,2017,66.0
950,97,Yonge-StClair,2018,99.0
951,97,Yonge-StClair,2019,123.0
952,97,Yonge-StClair,2020,111.0
953,97,Yonge-StClair,2021,137.0
954,97,Yonge-StClair,2022,151.0
955,97,Yonge-StClair,2023,147.0
956,97,Yonge-StClair,2024,132.0
957,98,Rosedale-Moore Park,2014,344.0
958,98,Rosedale-Moore Park,2015,308.0
959,98,Rosedale-Moore Park,2016,312.0
960,98,Rosedale-Moore Park,2017,344.0
961,98,Rosedale-Moore Park,2018,410.0
962,98,Rosedale-Moore Park,2019,453.0
963,98,Rosedale-Moore Park,2020,475.0
964,98,Rosedale-Moore Park,2021,421.0
965,98,Rosedale-Moore Park,2022,559.0
966,98,Rosedale-Moore Park,2023,655.0
967,98,Rosedale-Moore Park,2024,586.0
968,99,Mount Pleasant East,2014,101.0
969,99,Mount Pleasant East,2015,125.0
970,99,Mount Pleasant East,2016,80.0
971,99,Mount Pleasant East,2017,126.0
972,99,Mount Pleasant East,2018,160.0
973,99,Mount Pleasant East,2019,215.0
974,99,Mount Pleasant East,2020,206.0
975,99,Mount Pleasant East,2021,181.0
976,99,Mount Pleasant East,2022,213.0
977,99,Mount Pleasant East,2023,203.0
978,99,Mount Pleasant East,2024,187.0
979,100,Yonge-Eglinton,2014,148.0
980,100,Yonge-Eglinton,2015,141.0
981,100,Yonge-Eglinton,2016,132.0
982,100,Yonge-Eglinton,2017,151.0
983,100,Yonge-Eglinton,2018,164.0
984,100,Yonge-Eglinton,2019,226.0
985,100,Yonge-Eglinton,2020,238.0
986,100,Yonge-Eglinton,2021,165.0
987,100,Yonge-Eglinton,2022,249.0
988,100,Yonge-Eglinton,2023,240.0
989,100,Yonge-Eglinton,2024,320.0
990,101,Forest Hill South,2014,116.0
991,101,Forest Hill South,2015,70.0
992,101,Forest Hill South,2016,77.0
993,101,Forest Hill South,2017,145.0
994,101,Forest Hill South,2018,128.0
995,101,Forest Hill South,2019,139.0
996,101,Forest Hill South,2020,177.0
997,101,Forest Hill South,2021,169.0
998,101,Forest Hill South,2022,184.0
999,101,Forest Hill South,2023,244.0
1000,101,Forest Hill South,2024,158.0
1001,102,Forest Hill North,2014,148.0
1002,102,Forest Hill North,2015,158.0
1003,102,Forest Hill North,2016,95.0
1004,102,Forest Hill North,2017,159.0
1005,102,Forest Hill North,2018,164.0
1006,102,Forest Hill North,2019,184.0
1007,102,Forest Hill North,2020,237.0
1008,102,Forest Hill North,2021,139.0
1009,102,Forest Hill North,2022,133.0
1010,102,Forest Hill North,2023,212.0
1011,102,Forest Hill North,2024,138.0
1012,103,Lawrence Park South,2014,162.0
1013,103,Lawrence Park South,2015,145.0
1014,103,Lawrence Park South,2016,122.0
1015,103,Lawrence Park South,2017,143.0
1016,103,Lawrence Park South,2018,129.0
1017,103,Lawrence Park South,2019,198.0
1018,103,Lawrence Park South,2020,218.0
1019,103,Lawrence Park South,2021,171.0
1020,103,Lawrence Park South,2022,227.0
1021,103,Lawrence Park South,2023,255.0
1022,103,Lawrence Park South,2024,188.0
1023,105,Lawrence Park North,2014,162.0
1024,105,Lawrence Park North,2015,139.0
1025,105,Lawrence Park North,2016,109.0
1026,105,Lawrence Park North,2017,162.0
1027,105,Lawrence Park North,2018,133.0
1028,105,Lawrence Park North,2019,168.0
1029,105,Lawrence Park North,2020,164.0
1030,105,Lawrence Park North,2021,165.0
1031,105,Lawrence Park North,2022,199.0
1032,105,Lawrence Park North,2023,199.0
1033,105,Lawrence Park North,2024,186.0
1034,106,Humewood-Cedarvale,2014,192.0
1035,106,Humewood-Cedarvale,2015,216.0
1036,106,Humewood-Cedarvale,2016,165.0
1037,106,Humewood-Cedarvale,2017,163.0
1038,106,Humewood-Cedarvale,2018,188.0
1039,106,Humewood-Cedarvale,2019,164.0
1040,106,Humewood-Cedarvale,2020,220.0
1041,106,Humewood-Cedarvale,2021,162.0
1042,106,Humewood-Cedarvale,2022,196.0
1043,106,Humewood-Cedarvale,2023,188.0
1044,106,Humewood-Cedarvale,2024,167.0
1045,107,Oakwood Village,2014,226.0
1046,107,Oakwood Village,2015,256.0
1047,107,Oakwood Village,2016,270.0
1048,107,Oakwood Village,2017,275.0
1049,107,Oakwood Village,2018,244.0
1050,107,Oakwood Village,2019,362.0
1051,107,Oakwood Village,2020,266.0
1052,107,Oakwood Village,2021,250.0
1053,107,Oakwood Village,2022,346.0
1054,107,Oakwood Village,2023,275.0
1055,107,Oakwood Village,2024,300.0
1056,108,Briar Hill-Belgravia,2014,229.0
1057,108,Briar Hill-Belgravia,2015,200.0
1058,108,Briar Hill-Belgravia,2016,203.0
1059,108,Briar Hill-Belgravia,2017,191.0
1060,108,Briar Hill-Belgravia,2018,241.0
1061,108,Briar Hill-Belgravia,2019,238.0
1062,108,Briar Hill-Belgravia,2020,267.0
1063,108,Briar Hill-Belgravia,2021,220.0
1064,108,Briar Hill-Belgravia,2022,260.0
1065,108,Briar Hill-Belgravia,2023,256.0
1066,108,Briar Hill-Belgravia,2024,297.0
1067,109,Caledonia-Fairbank,2014,127.0
1068,109,Caledonia-Fairbank,2015,100.0
1069,109,Caledonia-Fairbank,2016,110.0
1070,109,Caledonia-Fairbank,2017,117.0
1071,109,Caledonia-Fairbank,2018,112.0
1072,109,Caledonia-Fairbank,2019,125.0
1073,109,Caledonia-Fairbank,2020,102.0
1074,109,Caledonia-Fairbank,2021,114.0
1075,109,Caledonia-Fairbank,2022,121.0
1076,109,Caledonia-Fairbank,2023,137.0
1077,109,Caledonia-Fairbank,2024,134.0
1078,110,Keelesdale-Eglinton West,2014,163.0
1079,110,Keelesdale-Eglinton West,2015,134.0
1080,110,Keelesdale-Eglinton West,2016,115.0
1081,110,Keelesdale-Eglinton West,2017,157.0
1082,110,Keelesdale-Eglinton West,2018,178.0
1083,110,Keelesdale-Eglinton West,2019,158.0
1084,110,Keelesdale-Eglinton West,2020,177.0
1085,110,Keelesdale-Eglinton West,2021,174.0
1086,110,Keelesdale-Eglinton West,2022,197.0
1087,110,Keelesdale-Eglinton West,2023,222.0
1088,110,Keelesdale-Eglinton West,2024,191.0
1089,111,Rockcliffe-Smythe,2014,328.0
1090,111,Rockcliffe-Smythe,2015,330.0
1091,111,Rockcliffe-Smythe,2016,331.0
1092,111,Rockcliffe-Smythe,2017,326.0
1093,111,Rockcliffe-Smythe,2018,327.0
1094,111,Rockcliffe-Smythe,2019,331.0
1095,111,Rockcliffe-Smythe,2020,317.0
1096,111,Rockcliffe-Smythe,2021,308.0
1097,111,Rockcliffe-Smythe,2022,373.0
1098,111,Rockcliffe-Smythe,2023,452.0
1099,111,Rockcliffe-Smythe,2024,404.0
1100,112,Beechborough-Greenbrook,2014,128.0
1101,112,Beechborough-Greenbrook,2015,142.0
1102,112,Beechborough-Greenbrook,2016,123.0
1103,112,Beechborough-Greenbrook,2017,123.0
1104,112,Beechborough-Greenbrook,2018,115.0
1105,112,Beechborough-Greenbrook,2019,123.0
1106,112,Beechborough-Greenbrook,2020,103.0
1107,112,Beechborough-Greenbrook,2021,116.0
1108,112,Beechborough-Greenbrook,2022,136.0
1109,112,Beechborough-Greenbrook,2023,177.0
1110,112,Beechborough-Greenbrook,2024,196.0
1111,113,Weston,2014,388.0
1112,113,Weston,2015,361.0
1113,113,Weston,2016,428.0
1114,113,Weston,2017,453.0
1115,113,Weston,2018,399.0
1116,113,Weston,2019,415.0
1117,113,Weston,2020,449.0
1118,113,Weston,2021,410.0
1119,113,Weston,2022,527.0
1120,113,Weston,2023,527.0
1121,113,Weston,2024,559.0
1122,114,Lambton Baby Point,2014,82.0
1123,114,Lambton Baby Point,2015,97.0
1124,114,Lambton Baby Point,2016,57.0
1125,114,Lambton Baby Point,2017,54.0
1126,114,Lambton Baby Point,2018,84.0
1127,114,Lambton Baby Point,2019,85.0
1128,114,Lambton Baby Point,2020,84.0
1129,114,Lambton Baby Point,2021,65.0
1130,114,Lambton Baby Point,2022,104.0
1131,114,Lambton Baby Point,2023,85.0
1132,114,Lambton Baby Point,2024,86.0
1133,115,Mount Dennis,2014,201.0
1134,115,Mount Dennis,2015,206.0
1135,115,Mount Dennis,2016,220.0
1136,115,Mount Dennis,2017,198.0
1137,115,Mount Dennis,2018,175.0
1138,115,Mount Dennis,2019,188.0
1139,115,Mount Dennis,2020,184.0
1140,115,Mount Dennis,2021,195.0
1141,115,Mount Dennis,2022,238.0
1142,115,Mount Dennis,2023,261.0
1143,115,Mount Dennis,2024,270.0
1144,116,Steeles,2014,165.0
1145,116,Steeles,2015,152.0
1146,116,Steeles,2016,162.0
1147,116,Steeles,2017,164.0
1148,116,Steeles,2018,173.0
1149,116,Steeles,2019,194.0
1150,116,Steeles,2020,122.0
1151,116,Steeles,2021,148.0
1152,116,Steeles,2022,171.0
1153,116,Steeles,2023,174.0
1154,116,Steeles,2024,154.0
1155,118,Tam OShanter-Sullivan,2014,273.0
1156,118,Tam OShanter-Sullivan,2015,281.0
1157,118,Tam OShanter-Sullivan,2016,264.0
1158,118,Tam OShanter-Sullivan,2017,312.0
1159,118,Tam OShanter-Sullivan,2018,318.0
1160,118,Tam OShanter-Sullivan,2019,302.0
1161,118,Tam OShanter-Sullivan,2020,318.0
1162,118,Tam OShanter-Sullivan,2021,279.0
1163,118,Tam OShanter-Sullivan,2022,375.0
1164,118,Tam OShanter-Sullivan,2023,394.0
1165,118,Tam OShanter-Sullivan,2024,342.0
1166,119,WexfordMaryvale,2014,587.0
1167,119,WexfordMaryvale,2015,569.0
1168,119,WexfordMaryvale,2016,502.0
1169,119,WexfordMaryvale,2017,555.0
1170,119,WexfordMaryvale,2018,554.0
1171,119,WexfordMaryvale,2019,575.0
1172,119,WexfordMaryvale,2020,527.0
1173,119,WexfordMaryvale,2021,577.0
1174,119,WexfordMaryvale,2022,638.0
1175,119,WexfordMaryvale,2023,743.0
1176,119,WexfordMaryvale,2024,841.0
1177,120,Clairlea-Birchmount,2014,607.0
1178,120,Clairlea-Birchmount,2015,587.0
1179,120,Clairlea-Birchmount,2016,555.0
1180,120,Clairlea-Birchmount,2017,571.0
1181,120,Clairlea-Birchmount,2018,600.0
1182,120,Clairlea-Birchmount,2019,616.0
1183,120,Clairlea-Birchmount,2020,456.0
1184,120,Clairlea-Birchmount,2021,515.0
1185,120,Clairlea-Birchmount,2022,560.0
1186,120,Clairlea-Birchmount,2023,591.0
1187,120,Clairlea-Birchmount,2024,688.0
1188,121,Oakridge,2014,354.0
1189,121,Oakridge,2015,409.0
1190,121,Oakridge,2016,331.0
1191,121,Oakridge,2017,359.0
1192,121,Oakridge,2018,360.0
1193,121,Oakridge,2019,325.0
1194,121,Oakridge,2020,308.0
1195,121,Oakridge,2021,342.0
1196,121,Oakridge,2022,332.0
1197,121,Oakridge,2023,350.0
1198,121,Oakridge,2024,379.0
1199,122,Birchcliffe-Cliffside,2014,338.0
1200,122,Birchcliffe-Cliffside,2015,389.0
1201,122,Birchcliffe-Cliffside,2016,435.0
1202,122,Birchcliffe-Cliffside,2017,353.0
1203,122,Birchcliffe-Cliffside,2018,429.0
1204,122,Birchcliffe-Cliffside,2019,431.0
1205,122,Birchcliffe-Cliffside,2020,340.0
1206,122,Birchcliffe-Cliffside,2021,313.0
1207,122,Birchcliffe-Cliffside,2022,333.0
1208,122,Birchcliffe-Cliffside,2023,399.0
1209,122,Birchcliffe-Cliffside,2024,336.0
1210,123,Cliffcrest,2014,220.0
1211,123,Cliffcrest,2015,258.0
1212,123,Cliffcrest,2016,278.0
1213,123,Cliffcrest,2017,294.0
1214,123,Cliffcrest,2018,301.0
1215,123,Cliffcrest,2019,346.0
1216,123,Cliffcrest,2020,291.0
1217,123,Cliffcrest,2021,251.0
1218,123,Cliffcrest,2022,303.0
1219,123,Cliffcrest,2023,338.0
1220,123,Cliffcrest,2024,314.0
1221,124,Kennedy Park,2014,391.0
1222,124,Kennedy Park,2015,411.0
1223,124,Kennedy Park,2016,342.0
1224,124,Kennedy Park,2017,407.0
1225,124,Kennedy Park,2018,420.0
1226,124,Kennedy Park,2019,389.0
1227,124,Kennedy Park,2020,350.0
1228,124,Kennedy Park,2021,363.0
1229,124,Kennedy Park,2022,457.0
1230,124,Kennedy Park,2023,530.0
1231,124,Kennedy Park,2024,463.0
1232,125,Ionview,2014,180.0
1233,125,Ionview,2015,224.0
1234,125,Ionview,2016,157.0
1235,125,Ionview,2017,170.0
1236,125,Ionview,2018,151.0
1237,125,Ionview,2019,160.0
1238,125,Ionview,2020,148.0
1239,125,Ionview,2021,168.0
1240,125,Ionview,2022,166.0
1241,125,Ionview,2023,220.0
1242,125,Ionview,2024,181.0
1243,126,Dorset Park,2014,400.0
1244,126,Dorset Park,2015,449.0
1245,126,Dorset Park,2016,461.0
1246,126,Dorset Park,2017,434.0
1247,126,Dorset Park,2018,472.0
1248,126,Dorset Park,2019,417.0
1249,126,Dorset Park,2020,425.0
1250,126,Dorset Park,2021,358.0
1251,126,Dorset Park,2022,467.0
1252,126,Dorset Park,2023,555.0
1253,126,Dorset Park,2024,538.0
1254,128,Agincourt South-Malvern West,2014,342.0
1255,128,Agincourt South-Malvern West,2015,301.0
1256,128,Agincourt South-Malvern West,2016,318.0
1257,128,Agincourt South-Malvern West,2017,381.0
1258,128,Agincourt South-Malvern West,2018,375.0
1259,128,Agincourt South-Malvern West,2019,386.0
1260,128,Agincourt South-Malvern West,2020,372.0
1261,128,Agincourt South-Malvern West,2021,362.0
1262,128,Agincourt South-Malvern West,2022,445.0
1263,128,Agincourt South-Malvern West,2023,505.0
1264,128,Agincourt South-Malvern West,2024,440.0
1265,129,Agincourt North,2014,235.0
1266,129,Agincourt North,2015,257.0
1267,129,Agincourt North,2016,220.0
1268,129,Agincourt North,2017,287.0
1269,129,Agincourt North,2018,309.0
1270,129,Agincourt North,2019,291.0
1271,129,Agincourt North,2020,239.0
1272,129,Agincourt North,2021,175.0
1273,129,Agincourt North,2022,211.0
1274,129,Agincourt North,2023,305.0
1275,129,Agincourt North,2024,344.0
1276,130,Milliken,2014,331.0
1277,130,Milliken,2015,369.0
1278,130,Milliken,2016,281.0
1279,130,Milliken,2017,374.0
1280,130,Milliken,2018,401.0
1281,130,Milliken,2019,463.0
1282,130,Milliken,2020,343.0
1283,130,Milliken,2021,338.0
1284,130,Milliken,2022,370.0
1285,130,Milliken,2023,625.0
1286,130,Milliken,2024,546.0
1287,133,Centennial Scarborough,2014,117.0
1288,133,Centennial Scarborough,2015,79.0
1289,133,Centennial Scarborough,2016,138.0
1290,133,Centennial Scarborough,2017,143.0
1291,133,Centennial Scarborough,2018,116.0
1292,133,Centennial Scarborough,2019,140.0
1293,133,Centennial Scarborough,2020,113.0
1294,133,Centennial Scarborough,2021,109.0
1295,133,Centennial Scarborough,2022,149.0
1296,133,Centennial Scarborough,2023,140.0
1297,133,Centennial Scarborough,2024,147.0
1298,134,Highland Creek,2014,167.0
1299,134,Highland Creek,2015,175.0
1300,134,Highland Creek,2016,173.0
1301,134,Highland Creek,2017,184.0
1302,134,Highland Creek,2018,130.0
1303,134,Highland Creek,2019,186.0
1304,134,Highland Creek,2020,112.0
1305,134,Highland Creek,2021,101.0
1306,134,Highland Creek,2022,160.0
1307,134,Highland Creek,2023,173.0
1308,134,Highland Creek,2024,196.0
1309,135,Morningside,2014,226.0
1310,135,Morningside,2015,243.0
1311,135,Morningside,2016,233.0
1312,135,Morningside,2017,244.0
1313,135,Morningside,2018,217.0
1314,135,Morningside,2019,265.0
1315,135,Morningside,2020,199.0
1316,135,Morningside,2021,162.0
1317,135,Morningside,2022,325.0
1318,135,Morningside,2023,249.0
1319,135,Morningside,2024,304.0
1320,136,West Hill,2014,604.0
1321,136,West Hill,2015,635.0
1322,136,West Hill,2016,689.0
1323,136,West Hill,2017,720.0
1324,136,West Hill,2018,697.0
1325,136,West Hill,2019,718.0
1326,136,West Hill,2020,641.0
1327,136,West Hill,2021,684.0
1328,136,West Hill,2022,736.0
1329,136,West Hill,2023,828.0
1330,136,West Hill,2024,759.0
1331,138,Eglinton East,2014,359.0
1332,138,Eglinton East,2015,382.0
1333,138,Eglinton East,2016,393.0
1334,138,Eglinton East,2017,403.0
1335,138,Eglinton East,2018,357.0
1336,138,Eglinton East,2019,403.0
1337,138,Eglinton East,2020,358.0
1338,138,Eglinton East,2021,315.0
1339,138,Eglinton East,2022,411.0
1340,138,Eglinton East,2023,435.0
1341,138,Eglinton East,2024,443.0
1342,139,Scarborough Village,2014,324.0
1343,139,Scarborough Village,2015,279.0
1344,139,Scarborough Village,2016,307.0
1345,139,Scarborough Village,2017,290.0
1346,139,Scarborough Village,2018,314.0
1347,139,Scarborough Village,2019,328.0
1348,139,Scarborough Village,2020,358.0
1349,139,Scarborough Village,2021,259.0
1350,139,Scarborough Village,2022,279.0
1351,139,Scarborough Village,2023,343.0
1352,139,Scarborough Village,2024,352.0
1353,140,Guildwood,2014,109.0
1354,140,Guildwood,2015,128.0
1355,140,Guildwood,2016,112.0
1356,140,Guildwood,2017,115.0
1357,140,Guildwood,2018,102.0
1358,140,Guildwood,2019,82.0
1359,140,Guildwood,2020,94.0
1360,140,Guildwood,2021,95.0
1361,140,Guildwood,2022,115.0
1362,140,Guildwood,2023,124.0
1363,140,Guildwood,2024,105.0
1364,141,Golfdale-Cedarbrae-Woburn,2014,364.0
1365,141,Golfdale-Cedarbrae-Woburn,2015,412.0
1366,141,Golfdale-Cedarbrae-Woburn,2016,350.0
1367,141,Golfdale-Cedarbrae-Woburn,2017,438.0
1368,141,Golfdale-Cedarbrae-Woburn,2018,387.0
1369,141,Golfdale-Cedarbrae-Woburn,2019,404.0
1370,141,Golfdale-Cedarbrae-Woburn,2020,356.0
1371,141,Golfdale-Cedarbrae-Woburn,2021,365.0
1372,141,Golfdale-Cedarbrae-Woburn,2022,435.0
1373,141,Golfdale-Cedarbrae-Woburn,2023,423.0
1374,141,Golfdale-Cedarbrae-Woburn,2024,385.0
1375,142,Woburn North,2014,366.0
1376,142,Woburn North,2015,397.0
1377,142,Woburn North,2016,340.0
1378,142,Woburn North,2017,394.0
1379,142,Woburn North,2018,420.0
1380,142,Woburn North,2019,445.0
1381,142,Woburn North,2020,395.0
1382,142,Woburn North,2021,374.0
1383,142,Woburn North,2022,492.0
1384,142,Woburn North,2023,482.0
1385,142,Woburn North,2024,470.0
1386,143,West Rouge,2014,238.0
1387,143,West Rouge,2015,168.0
1388,143,West Rouge,2016,168.0
1389,143,West Rouge,2017,235.0
1390,143,West Rouge,2018,231.0
1391,143,West Rouge,2019,203.0
1392,143,West Rouge,2020,197.0
1393,143,West Rouge,2021,179.0
1394,143,West Rouge,2022,234.0
1395,143,West Rouge,2023,277.0
1396,143,West Rouge,2024,252.0
1397,144,Morningside Heights,2014,241.0
1398,144,Morningside Heights,2015,259.0
1399,144,Morningside Heights,2016,225.0
1400,144,Morningside Heights,2017,264.0
1401,144,Morningside Heights,2018,285.0
1402,144,Morningside Heights,2019,274.0
1403,144,Morningside Heights,2020,247.0
1404,144,Morningside Heights,2021,270.0
1405,144,Morningside Heights,2022,357.0
1406,144,Morningside Heights,2023,429.0
1407,144,Morningside Heights,2024,398.0
1408,145,Malvern West,2014,182.0
1409,145,Malvern West,2015,191.0
1410,145,Malvern West,2016,237.0
1411,145,Malvern West,2017,236.0
1412,145,Malvern West,2018,243.0
1413,145,Malvern West,2019,277.0
1414,145,Malvern West,2020,159.0
1415,145,Malvern West,2021,182.0
1416,145,Malvern West,2022,202.0
1417,145,Malvern West,2023,231.0
1418,145,Malvern West,2024,236.0
1419,146,Malvern East,2014,253.0
1420,146,Malvern East,2015,284.0
1421,146,Malvern East,2016,302.0
1422,146,Malvern East,2017,329.0
1423,146,Malvern East,2018,315.0
1424,146,Malvern East,2019,340.0
1425,146,Malvern East,2020,316.0
1426,146,Malvern East,2021,265.0
1427,146,Malvern East,2022,294.0
1428,146,Malvern East,2023,324.0
1429,146,Malvern East,2024,308.0
1430,147,LAmoreaux West,2014,179.0
1431,147,LAmoreaux West,2015,191.0
1432,147,LAmoreaux West,2016,200.0
1433,147,LAmoreaux West,2017,239.0
1434,147,LAmoreaux West,2018,225.0
1435,147,LAmoreaux West,2019,250.0
1436,147,LAmoreaux West,2020,205.0
1437,147,LAmoreaux West,2021,195.0
1438,147,LAmoreaux West,2022,219.0
1439,147,LAmoreaux West,2023,288.0
1440,147,LAmoreaux West,2024,296.0
1441,148,East LAmoreaux,2014,176.0
1442,148,East LAmoreaux,2015,200.0
1443,148,East LAmoreaux,2016,167.0
1444,148,East LAmoreaux,2017,174.0
1445,148,East LAmoreaux,2018,187.0
1446,148,East LAmoreaux,2019,220.0
1447,148,East LAmoreaux,2020,192.0
1448,148,East LAmoreaux,2021,144.0
1449,148,East LAmoreaux,2022,205.0
1450,148,East LAmoreaux,2023,228.0
1451,148,East LAmoreaux,2024,238.0
1452,149,Parkwoods-OConnor Hills,2014,135.0
1453,149,Parkwoods-OConnor Hills,2015,138.0
1454,149,Parkwoods-OConnor Hills,2016,144.0
1455,149,Parkwoods-OConnor Hills,2017,192.0
1456,149,Parkwoods-OConnor Hills,2018,135.0
1457,149,Parkwoods-OConnor Hills,2019,142.0
1458,149,Parkwoods-OConnor Hills,2020,131.0
1459,149,Parkwoods-OConnor Hills,2021,139.0
1460,149,Parkwoods-OConnor Hills,2022,160.0
1461,149,Parkwoods-OConnor Hills,2023,232.0
1462,149,Parkwoods-OConnor Hills,2024,213.0
1463,150,Fenside-Parkwoods,2014,236.0
1464,150,Fenside-Parkwoods,2015,231.0
1465,150,Fenside-Parkwoods,2016,239.0
1466,150,Fenside-Parkwoods,2017,256.0
1467,150,Fenside-Parkwoods,2018,191.0
1468,150,Fenside-Parkwoods,2019,267.0
1469,150,Fenside-Parkwoods,2020,218.0
1470,150,Fenside-Parkwoods,2021,205.0
1471,150,Fenside-Parkwoods,2022,227.0
1472,150,Fenside-Parkwoods,2023,255.0
1473,150,Fenside-Parkwoods,2024,269.0
1474,151,Yonge-Doris,2014,114.0
1475,151,Yonge-Doris,2015,121.0
1476,151,Yonge-Doris,2016,153.0
1477,151,Yonge-Doris,2017,152.0
1478,151,Yonge-Doris,2018,184.0
1479,151,Yonge-Doris,2019,243.0
1480,151,Yonge-Doris,2020,238.0
1481,151,Yonge-Doris,2021,252.0
1482,151,Yonge-Doris,2022,255.0
1483,151,Yonge-Doris,2023,357.0
1484,151,Yonge-Doris,2024,252.0
1485,152,East Willowdale,2014,183.0
1486,152,East Willowdale,2015,166.0
1487,152,East Willowdale,2016,208.0
1488,152,East Willowdale,2017,211.0
1489,152,East Willowdale,2018,189.0
1490,152,East Willowdale,2019,222.0
1491,152,East Willowdale,2020,186.0
1492,152,East Willowdale,2021,209.0
1493,152,East Willowdale,2022,242.0
1494,152,East Willowdale,2023,324.0
1495,152,East Willowdale,2024,287.0
1496,153,Avondale,2014,68.0
1497,153,Avondale,2015,61.0
1498,153,Avondale,2016,83.0
1499,153,Avondale,2017,97.0
1500,153,Avondale,2018,123.0
1501,153,Avondale,2019,107.0
1502,153,Avondale,2020,173.0
1503,153,Avondale,2021,152.0
1504,153,Avondale,2022,141.0
1505,153,Avondale,2023,178.0
1506,153,Avondale,2024,133.0
1507,154,Oakdale-Beverley Heights,2014,478.0
1508,154,Oakdale-Beverley Heights,2015,441.0
1509,154,Oakdale-Beverley Heights,2016,400.0
1510,154,Oakdale-Beverley Heights,2017,488.0
1511,154,Oakdale-Beverley Heights,2018,601.0
1512,154,Oakdale-Beverley Heights,2019,646.0
1513,154,Oakdale-Beverley Heights,2020,619.0
1514,154,Oakdale-Beverley Heights,2021,648.0
1515,154,Oakdale-Beverley Heights,2022,651.0
1516,154,Oakdale-Beverley Heights,2023,844.0
1517,154,Oakdale-Beverley Heights,2024,743.0
1518,155,Downsview,2014,283.0
1519,155,Downsview,2015,281.0
1520,155,Downsview,2016,282.0
1521,155,Downsview,2017,280.0
1522,155,Downsview,2018,304.0
1523,155,Downsview,2019,361.0
1524,155,Downsview,2020,323.0
1525,155,Downsview,2021,305.0
1526,155,Downsview,2022,413.0
1527,155,Downsview,2023,500.0
1528,155,Downsview,2024,410.0
1529,156,Bendale-Glen Andrew,2014,397.0
1530,156,Bendale-Glen Andrew,2015,354.0
1531,156,Bendale-Glen Andrew,2016,357.0
1532,156,Bendale-Glen Andrew,2017,396.0
1533,156,Bendale-Glen Andrew,2018,368.0
1534,156,Bendale-Glen Andrew,2019,369.0
1535,156,Bendale-Glen Andrew,2020,276.0
1536,156,Bendale-Glen Andrew,2021,330.0
1537,156,Bendale-Glen Andrew,2022,425.0
1538,156,Bendale-Glen Andrew,2023,580.0
1539,156,Bendale-Glen Andrew,2024,507.0
1540,157,Bendale South,2014,133.0
1541,157,Bendale South,2015,161.0
1542,157,Bendale South,2016,158.0
1543,157,Bendale South,2017,212.0
1544,157,Bendale South,2018,135.0
1545,157,Bendale South,2019,154.0
1546,157,Bendale South,2020,129.0
1547,157,Bendale South,2021,118.0
1548,157,Bendale South,2022,107.0
1549,157,Bendale South,2023,161.0
1550,157,Bendale South,2024,150.0
1551,158,Islington,2014,281.0
1552,158,Islington,2015,275.0
1553,158,Islington,2016,248.0
1554,158,Islington,2017,240.0
1555,158,Islington,2018,268.0
1556,158,Islington,2019,293.0
1557,158,Islington,2020,281.0
1558,158,Islington,2021,222.0
1559,158,Islington,2022,358.0
1560,158,Islington,2023,448.0
1561,158,Islington,2024,403.0
1562,159,Etobicoke City Centre,2014,464.0
1563,159,Etobicoke City Centre,2015,515.0
1564,159,Etobicoke City Centre,2016,470.0
1565,159,Etobicoke City Centre,2017,442.0
1566,159,Etobicoke City Centre,2018,538.0
1567,159,Etobicoke City Centre,2019,514.0
1568,159,Etobicoke City Centre,2020,510.0
1569,159,Etobicoke City Centre,2021,547.0
1570,159,Etobicoke City Centre,2022,773.0
1571,159,Etobicoke City Centre,2023,978.0
1572,159,Etobicoke City Centre,2024,796.0
1573,160,Mimico-Queensway,2014,320.0
1574,160,Mimico-Queensway,2015,295.0
1575,160,Mimico-Queensway,2016,287.0
1576,160,Mimico-Queensway,2017,416.0
1577,160,Mimico-Queensway,2018,564.0
1578,160,Mimico-Queensway,2019,435.0
1579,160,Mimico-Queensway,2020,340.0
1580,160,Mimico-Queensway,2021,395.0
1581,160,Mimico-Queensway,2022,568.0
1582,160,Mimico-Queensway,2023,723.0
1583,160,Mimico-Queensway,2024,1087.0
1584,161,Humber Bay Shores,2014,141.0
1585,161,Humber Bay Shores,2015,154.0
1586,161,Humber Bay Shores,2016,178.0
1587,161,Humber Bay Shores,2017,201.0
1588,161,Humber Bay Shores,2018,196.0
1589,161,Humber Bay Shores,2019,261.0
1590,161,Humber Bay Shores,2020,206.0
1591,161,Humber Bay Shores,2021,212.0
1592,161,Humber Bay Shores,2022,317.0
1593,161,Humber Bay Shores,2023,333.0
1594,161,Humber Bay Shores,2024,279.0
1595,162,West Queen West,2014,328.0
1596,162,West Queen West,2015,273.0
1597,162,West Queen West,2016,291.0
1598,162,West Queen West,2017,321.0
1599,162,West Queen West,2018,274.0
1600,162,West Queen West,2019,341.0
1601,162,West Queen West,2020,307.0
1602,162,West Queen West,2021,275.0
1603,162,West Queen West,2022,240.0
1604,162,West Queen West,2023,250.0
1605,162,West Queen West,2024,253.0
1606,163,Fort York-Liberty Village,2014,242.0
1607,163,Fort York-Liberty Village,2015,317.0
1608,163,Fort York-Liberty Village,2016,241.0
1609,163,Fort York-Liberty Village,2017,292.0
1610,163,Fort York-Liberty Village,2018,337.0
1611,163,Fort York-Liberty Village,2019,415.0
1612,163,Fort York-Liberty Village,2020,284.0
1613,163,Fort York-Liberty Village,2021,326.0
1614,163,Fort York-Liberty Village,2022,299.0
1615,163,Fort York-Liberty Village,2023,325.0
1616,163,Fort York-Liberty Village,2024,392.0
1617,164,Wellington Place,2014,851.0
1618,164,Wellington Place,2015,832.0
1619,164,Wellington Place,2016,952.0
1620,164,Wellington Place,2017,988.0
1621,164,Wellington Place,2018,1027.0
1622,164,Wellington Place,2019,906.0
1623,164,Wellington Place,2020,806.0
1624,164,Wellington Place,2021,787.0
1625,164,Wellington Place,2022,914.0
1626,164,Wellington Place,2023,890.0
1627,164,Wellington Place,2024,909.0
1628,165,Harbourfront-CityPlace,2014,337.0
1629,165,Harbourfront-CityPlace,2015,408.0
1630,165,Harbourfront-CityPlace,2016,416.0
1631,165,Harbourfront-CityPlace,2017,513.0
1632,165,Harbourfront-CityPlace,2018,476.0
1633,165,Harbourfront-CityPlace,2019,487.0
1634,165,Harbourfront-CityPlace,2020,479.0
1635,165,Harbourfront-CityPlace,2021,539.0
1636,165,Harbourfront-CityPlace,2022,551.0
1637,165,Harbourfront-CityPlace,2023,601.0
1638,165,Harbourfront-CityPlace,2024,503.0
1639,166,St Lawrence-East Bayfront-The Islands,2014,556.0
1640,166,St Lawrence-East Bayfront-The Islands,2015,501.0
1641,166,St Lawrence-East Bayfront-The Islands,2016,542.0
1642,166,St Lawrence-East Bayfront-The Islands,2017,553.0
1643,166,St Lawrence-East Bayfront-The Islands,2018,687.0
1644,166,St Lawrence-East Bayfront-The Islands,2019,723.0
1645,166,St Lawrence-East Bayfront-The Islands,2020,731.0
1646,166,St Lawrence-East Bayfront-The Islands,2021,810.0
1647,166,St Lawrence-East Bayfront-The Islands,2022,845.0
1648,166,St Lawrence-East Bayfront-The Islands,2023,870.0
1649,166,St Lawrence-East Bayfront-The Islands,2024,875.0
1650,167,Church-Wellesley,2014,534.0
1651,167,Church-Wellesley,2015,513.0
1652,167,Church-Wellesley,2016,610.0
1653,167,Church-Wellesley,2017,653.0
1654,167,Church-Wellesley,2018,687.0
1655,167,Church-Wellesley,2019,786.0
1656,167,Church-Wellesley,2020,668.0
1657,167,Church-Wellesley,2021,745.0
1658,167,Church-Wellesley,2022,680.0
1659,167,Church-Wellesley,2023,707.0
1660,167,Church-Wellesley,2024,655.0
1661,168,Downtown Yonge East,2014,919.0
1662,168,Downtown Yonge East,2015,895.0
1663,168,Downtown Yonge East,2016,837.0
1664,168,Downtown Yonge East,2017,1125.0
1665,168,Downtown Yonge East,2018,1206.0
1666,168,Downtown Yonge East,2019,1396.0
1667,168,Downtown Yonge East,2020,1080.0
1668,168,Downtown Yonge East,2021,1206.0
1669,168,Downtown Yonge East,2022,1047.0
1670,168,Downtown Yonge East,2023,1259.0
1671,168,Downtown Yonge East,2024,1216.0
1672,169,Bay-Cloverhill,2014,281.0
1673,169,Bay-Cloverhill,2015,288.0
1674,169,Bay-Cloverhill,2016,341.0
1675,169,Bay-Cloverhill,2017,370.0
1676,169,Bay-Cloverhill,2018,394.0
1677,169,Bay-Cloverhill,2019,407.0
1678,169,Bay-Cloverhill,2020,314.0
1679,169,Bay-Cloverhill,2021,317.0
1680,169,Bay-Cloverhill,2022,302.0
1681,169,Bay-Cloverhill,2023,350.0
1682,169,Bay-Cloverhill,2024,348.0
1683,170,Yonge-Bay Corridor,2014,919.0
1684,170,Yonge-Bay Corridor,2015,999.0
1685,170,Yonge-Bay Corridor,2016,940.0
1686,170,Yonge-Bay Corridor,2017,1165.0
1687,170,Yonge-Bay Corridor,2018,1216.0
1688,170,Yonge-Bay Corridor,2019,1340.0
1689,170,Yonge-Bay Corridor,2020,938.0
1690,170,Yonge-Bay Corridor,2021,760.0
1691,170,Yonge-Bay Corridor,2022,1037.0
1692,170,Yonge-Bay Corridor,2023,1115.0
1693,170,Yonge-Bay Corridor,2024,1071.0
1694,171,Junction-Wallace Emerson,2014,370.0
1695,171,Junction-Wallace Emerson,2015,329.0
1696,171,Junction-Wallace Emerson,2016,356.0
1697,171,Junction-Wallace Emerson,2017,407.0
1698,171,Junction-Wallace Emerson,2018,540.0
1699,171,Junction-Wallace Emerson,2019,547.0
1700,171,Junction-Wallace Emerson,2020,559.0
1701,171,Junction-Wallace Emerson,2021,404.0
1702,171,Junction-Wallace Emerson,2022,369.0
1703,171,Junction-Wallace Emerson,2023,489.0
1704,171,Junction-Wallace Emerson,2024,454.0
1705,172,Dovercourt Village,2014,219.0
1706,172,Dovercourt Village,2015,203.0
1707,172,Dovercourt Village,2016,277.0
1708,172,Dovercourt Village,2017,295.0
1709,172,Dovercourt Village,2018,324.0
1710,172,Dovercourt Village,2019,338.0
1711,172,Dovercourt Village,2020,282.0
1712,172,Dovercourt Village,2021,215.0
1713,172,Dovercourt Village,2022,228.0
1714,172,Dovercourt Village,2023,265.0
1715,172,Dovercourt Village,2024,278.0
1716,173,North Toronto,2014,125.0
1717,173,North Toronto,2015,137.0
1718,173,North Toronto,2016,98.0
1719,173,North Toronto,2017,123.0
1720,173,North Toronto,2018,157.0
1721,173,North Toronto,2019,189.0
1722,173,North Toronto,2020,270.0
1723,173,North Toronto,2021,235.0
1724,173,North Toronto,2022,247.0
1725,173,North Toronto,2023,237.0
1726,173,North Toronto,2024,218.0
1727,174,South Eglinton-Davisville,2014,126.0
1728,174,South Eglinton-Davisville,2015,140.0
1729,174,South Eglinton-Davisville,2016,146.0
1730,174,South Eglinton-Davisville,2017,175.0
1731,174,South Eglinton-Davisville,2018,200.0
1732,174,South Eglinton-Davisville,2019,228.0
1733,174,South Eglinton-Davisville,2020,312.0
1734,174,South Eglinton-Davisville,2021,236.0
1735,174,South Eglinton-Davisville,2022,233.0
1736,174,South Eglinton-Davisville,2023,251.0
1737,174,South Eglinton-Davisville,2024,262.0
